{"means": {"open": 0.38327597499999994, "high": 0.38520731249999995, "low": 0.38119091250000003, "close": 0.3832869875, "volume": 32291226.94125, "rsi": 50.89082613073486, "ema20": 0.38316364894242183, "macd": 0.00020426513359542682, "macd_signal": 0.0002279521873185397, "macd_diff": 2.7000943288902375e-06, "bollinger_hband": 0.39076452354045244, "bollinger_lband": 0.3755064602095476, "stoch": 52.924446912393385, "vwap": 0.39014901665410645, "atr": 0.003961759596816927, "ichimoku_a": 0.38316648437500006, "ichimoku_b": 0.38266374375, "psar": 0.3834652711186021, "cci": 8.052820405219258, "trix": 0.006673323624836227, "ultimate_osc": 52.39104010051398, "rvi": 0.0080180498239396, "obv": 420971925.11625, "chaikin_money_flow": 0.038340702729230805}, "stds": {"open": 0.015336156278909618, "high": 0.015627531012904535, "low": 0.014895272705746853, "close": 0.015328061035849978, "volume": 28457537.571570035, "rsi": 9.537492026899232, "ema20": 0.01456189317666124, "macd": 0.0024559083333413048, "macd_signal": 0.0023260929607389776, "macd_diff": 0.0007731709424737762, "bollinger_hband": 0.016328656343602165, "bollinger_lband": 0.01424384293269269, "stoch": 27.548650878155613, "vwap": 0.00776367143879224, "atr": 0.0014697944529417626, "ichimoku_a": 0.014816606899378372, "ichimoku_b": 0.014869308032143924, "psar": 0.017246253194772836, "cci": 111.53036283044142, "trix": 0.08597868498571269, "ultimate_osc": 8.552591613143937, "rvi": 0.13644665162020522, "obv": 238355425.54908937, "chaikin_money_flow": 0.1397704826885173}}